keyword,convention
community,civic
collective,civic
civic,civic
solidarity,civic
interests,civic
union,civic
workers,civic
representative,civic
chapter,civic
equality,civic
delegates,civic
civil,civic
legal,civic
law,civic
citizens,civic
representatives,civic
rights,civic
delegate,civic
collectives,civic
laws,civic
members,civic
electoral,civic
representation,civic
presence,civic
contributions,civic
base,civic
individuals,civic
policies,civic
membership,civic
licensed,civic
whom,domestic
superiors,domestic
children,domestic
upbringing,domestic
household,domestic
trust,domestic
habits,domestic
habit,domestic
backyard,domestic
tradition,domestic
family,domestic
manners,domestic
inferiors,domestic
heritage,domestic
superior,domestic
land,domestic
brought,domestic
hierarchical,domestic
behavior,domestic
property,domestic
father,domestic
dependence,domestic
titles,domestic
subordination,domestic
poise,domestic
nimby,domestic
gifts,domestic
craft,domestic
your,domestic
those,domestic
green,green
humans,green
wild,green
wilderness,green
untouched,green
indian,green
bears,green
environmental,green
species,green
endangered,green
animals,green
dam,green
cohabitation,green
heritage,green
land,green
tribe,green
ecology,green
animal,green
attachment,green
humanity,green
native,green
deep,green
wuk,green
tetin,green
generations,green
ecosystem,green
controversy,green
justification,green
her,green
pristine,green
performance,industrial
standard,industrial
reliable,industrial
control,industrial
benchmarks,industrial
functionality,industrial
benchmark,industrial
data,industrial
output,industrial
your,industrial
training,industrial
efficiency,industrial
model,industrial
learning,industrial
planning,industrial
measure,industrial
functional,industrial
run,industrial
future,industrial
python,industrial
scientific,industrial
applications,industrial
image,industrial
running,industrial
progress,industrial
machine,industrial
production,industrial
models,industrial
operations,industrial
set,industrial
inspiration,inspired
inspired,inspired
creative,inspired
artists,inspired
unconscious,inspired
passion,inspired
imaginary,inspired
dream,inspired
creativity,inspired
alchemy,inspired
emotional,inspired
creation,inspired
tetin,inspired
habits,inspired
voyage,inspired
imagination,inspired
genius,inspired
adventure,inspired
oneself,inspired
mind,inspired
signs,inspired
images,inspired
unusual,inspired
surpass,inspired
spiritual,inspired
quest,inspired
myths,inspired
mysterious,inspired
imagine,inspired
illumination,inspired
business,market
customized,market
goods,market
buy,market
price,market
desires,market
competition,market
pay,market
sell,market
purchase,market
wealth,market
your,market
owner,market
money,market
economic,market
coordination,market
contract,market
vendor,market
convention,market
data,market
object,market
desire,market
tourism,market
theory,market
licensed,market
standards,market
customers,market
individuals,market
whether,market
road,market
city,project
projective,project
links,project
network,project
networks,project
connections,project
projects,project
status,project
those,project
1994,project
condition,project
aubrey,project
activity,project
employability,project
your,project
bellenger,project
man,project
information,project
streamlined,project
connexionist,project
say,project
little,project
1992,project
men,project
knows,project
contact,project
ability,project
landier,project
grammar,project
justice,project
opinion,renown
press,renown
fame,renown
message,renown
audience,renown
image,renown
renown,renown
brand,renown
famous,renown
information,renown
company,renown
demonstration,renown
stars,renown
rumor,renown
lobbying,renown
legislators,renown
dispute,renown
recognized,renown
national,renown
media,renown
medium,renown
influence,renown
unconfirmed,renown
receiver,renown
atmosphere,renown
had,renown
dam,renown
sender,renown
journalists,renown
indifference,renown
